{"cameraMode":{"drawMode":0,"name":"Shaded","section":"Shading Mode"},"sceneLighting":false,"audioPlay":false,"sceneViewState":{"showFog":true,"showMaterialUpdate":true,"showSkybox":true,"showFlares":true,"showImageEffects":true,"showParticleSystems":true},"in2DMode":false,"pivot":{"x":-1.2864103317260743,"y":-1.7501983642578126,"z":12.77420425415039},"rotation":{"x":-0.23620013892650605,"y":0.21762095391750337,"z":-0.054369498044252399,"w":-0.9454870223999023},"size":15.687540054321289,"orthographic":false}