{"cameraMode":{"drawMode":0,"name":"Shaded","section":"Shading Mode"},"sceneLighting":false,"audioPlay":false,"sceneViewState":{"showFog":true,"showMaterialUpdate":false,"showSkybox":false,"showFlares":true,"showImageEffects":true,"showParticleSystems":true},"in2DMode":false,"pivot":{"x":2.3861846923828127,"y":-2.296776294708252,"z":-1.5680088996887208},"rotation":{"x":0.10962971299886704,"y":0.8708491325378418,"z":-0.2258991003036499,"w":0.4226016402244568},"size":9.074626922607422,"orthographic":false}