{"cameraMode":{"drawMode":0,"name":"Shaded","section":"Shading Mode"},"sceneLighting":false,"audioPlay":false,"sceneViewState":{"showFog":true,"showMaterialUpdate":false,"showSkybox":true,"showFlares":true,"showImageEffects":true,"showParticleSystems":true},"in2DMode":false,"pivot":{"x":-29.106170654296876,"y":-17.751018524169923,"z":82.6983413696289},"rotation":{"x":-0.11378579586744309,"y":0.17317219078540803,"z":-0.02012634091079235,"w":-0.9781084060668945},"size":58.48289108276367,"orthographic":false}