{"cameraMode":{"drawMode":0,"name":"Shaded","section":"Shading Mode"},"sceneLighting":false,"audioPlay":false,"sceneViewState":{"showFog":true,"showMaterialUpdate":false,"showSkybox":false,"showFlares":true,"showImageEffects":true,"showParticleSystems":true},"in2DMode":false,"pivot":{"x":3.02183198928833,"y":1.9104337692260743,"z":4.305632591247559},"rotation":{"x":0.19751735031604768,"y":0.38213738799095156,"z":-0.08397381007671356,"w":0.8988361358642578},"size":3.324744462966919,"orthographic":false}