{"cameraMode":{"drawMode":0,"name":"Shaded","section":"Shading Mode"},"sceneLighting":false,"audioPlay":false,"sceneViewState":{"showFog":true,"showMaterialUpdate":false,"showSkybox":true,"showFlares":true,"showImageEffects":true,"showParticleSystems":true},"in2DMode":false,"pivot":{"x":-2.867521286010742,"y":0.5695314407348633,"z":1.4345800876617432},"rotation":{"x":-0.1741085797548294,"y":0.6974673271179199,"z":-0.1809256225824356,"w":-0.671187162399292},"size":11.700485229492188,"orthographic":false}