{"cameraMode":{"drawMode":0,"name":"Shaded","section":"Shading Mode"},"sceneLighting":false,"audioPlay":false,"sceneViewState":{"showFog":true,"showMaterialUpdate":false,"showSkybox":true,"showFlares":true,"showImageEffects":true,"showParticleSystems":true},"in2DMode":false,"pivot":{"x":4.324167251586914,"y":0.026189327239990236,"z":0.6888465881347656},"rotation":{"x":-0.24960042536258698,"y":-0.01799565739929676,"z":0.004642799496650696,"w":-0.9681803584098816},"size":13.399762153625489,"orthographic":false}