{"cameraMode":{"drawMode":0,"name":"Shaded","section":"Shading Mode"},"sceneLighting":true,"audioPlay":false,"sceneViewState":{"showFog":true,"showMaterialUpdate":false,"showSkybox":false,"showFlares":true,"showImageEffects":true,"showParticleSystems":true},"in2DMode":false,"pivot":{"x":7.8520708084106449,"y":3.9614639282226564,"z":2.947140693664551},"rotation":{"x":0.3772948980331421,"y":-0.04304198920726776,"z":0.017562586814165117,"w":0.9249409437179565},"size":10.430951118469239,"orthographic":false}