{"cameraMode":{"drawMode":0,"name":"Shaded","section":"Shading Mode"},"sceneLighting":false,"audioPlay":false,"sceneViewState":{"showFog":true,"showMaterialUpdate":false,"showSkybox":false,"showFlares":true,"showImageEffects":true,"showParticleSystems":true},"in2DMode":false,"pivot":{"x":3.622541904449463,"y":2.4490623474121095,"z":0.7380819320678711},"rotation":{"x":0.26359033584594729,"y":-0.062169283628463748,"z":0.017031336203217508,"w":0.9624888896942139},"size":8.660256385803223,"orthographic":false}