{"cameraMode":{"drawMode":0,"name":"Shaded","section":"Shading Mode"},"sceneLighting":true,"audioPlay":false,"sceneViewState":{"showFog":true,"showMaterialUpdate":false,"showSkybox":true,"showFlares":true,"showImageEffects":true,"showParticleSystems":true},"in2DMode":false,"pivot":{"x":-7.219125747680664,"y":4.247376441955566,"z":9.735299110412598},"rotation":{"x":-0.08271011710166931,"y":0.7776150703430176,"z":-0.10467790812253952,"w":-0.6144238114356995},"size":11.852886199951172,"orthographic":false}